test-1	False	True
test-2	True	False
test-3	False	True
test-4	False	True
test-5	False	False
test-6	False	True
test-7	False	False
test-8	False	False
test-9	True	False
test-10	False	False
test-11	False	True
test-12	False	False
test-13	False	True
test-14	False	True
test-15	True	False
test-16	False	False
test-17	True	False
test-18	False	True
test-19	True	False
test-20	False	False
test-21	True	False
test-22	False	False
test-23	False	False
test-24	False	False
test-25	False	True
test-26	False	True
test-27	True	False
test-28	False	False
test-29	False	False
test-30	True	False
test-31	False	False
test-32	False	True
test-33	False	False
test-34	True	False
test-35	True	False
test-36	False	False
test-37	False	True
test-38	False	False
test-39	False	True
test-40	True	False
test-41	True	False
test-42	False	False
test-43	False	False
test-44	False	False
test-45	False	False
test-46	False	True
test-47	True	False
test-48	False	False
test-49	False	False
test-50	False	True
test-51	False	False
test-52	True	False
test-53	True	False
test-54	False	True
test-55	False	False
test-56	False	False
test-57	False	False
test-58	False	True
test-59	False	False
test-60	True	False
test-61	True	False
test-62	False	False
test-63	True	False
test-64	True	False
test-65	False	False
test-66	False	True
test-67	False	True
test-68	False	True
test-69	False	False
test-70	False	True
test-71	False	False
test-72	False	False
test-73	True	False
test-74	True	False
test-75	False	False
test-76	False	False
test-77	True	False
test-78	False	True
test-79	False	False
test-80	False	False
test-81	False	False
test-82	False	True
test-83	False	False
test-84	True	False
test-85	False	False
test-86	False	False
test-87	True	False
test-88	False	False
test-89	True	False
test-90	False	False
test-91	False	True
test-92	False	True
test-93	False	False
test-94	True	False
test-95	False	True
test-96	True	False
test-97	False	True
test-98	True	False
test-99	False	False
test-100	False	False
test-101	False	False
test-102	False	True
test-103	False	True
test-104	False	False
test-105	False	False
test-106	False	False
test-107	False	False
test-108	False	True
test-109	False	False
test-110	False	False
test-111	False	True
test-112	False	False
test-113	False	False
test-114	False	False
test-115	False	False
test-116	False	False
test-117	False	False
test-118	False	False
test-119	False	False
test-120	False	False
test-121	False	True
test-122	True	False
test-123	False	False
test-124	False	False
test-125	True	False
test-126	False	False
test-127	True	False
test-128	False	False
test-129	False	False
test-130	False	False
test-131	False	False
test-132	False	False
test-133	False	False
test-134	False	True
test-135	False	False
test-136	True	False
test-137	False	False
test-138	True	False
test-139	True	False
test-140	False	True
test-141	False	True
test-142	False	False
test-143	True	False
test-144	True	False
test-145	False	True
test-146	False	False
test-147	False	True
test-148	False	False
test-149	False	False
test-150	False	False
test-151	True	False
test-152	False	False
test-153	False	False
test-154	False	True
test-155	False	False
test-156	False	False
test-157	False	False
test-158	False	False
test-159	False	False
test-160	False	False
test-161	False	False
test-162	False	False
test-163	True	False
test-164	False	True
test-165	False	False
test-166	False	False
test-167	True	False
test-168	True	False
test-169	False	True
test-170	False	True
test-171	False	True
test-172	True	False
test-173	False	True
test-174	False	True
test-175	True	False
test-176	True	False
test-177	True	False
test-178	True	False
test-179	True	False
test-180	True	False
test-181	False	True
test-182	False	False
test-183	False	False
test-184	False	False
test-185	False	True
test-186	False	True
test-187	False	True
test-188	False	False
test-189	False	False
test-190	False	True
test-191	False	False
test-192	False	False
test-193	False	True
test-194	False	False
test-195	False	False
test-196	False	True
test-197	False	True
test-198	True	False
test-199	False	False
test-200	False	False
test-201	False	False
test-202	False	False
test-203	True	False
test-204	False	False
test-205	False	False
test-206	False	True
test-207	False	False
test-208	False	False
test-209	False	False
test-210	False	False
test-211	False	False
test-212	False	False
test-213	False	True
test-214	True	False
test-215	False	True
test-216	False	False
test-217	False	True
test-218	False	False
test-219	False	False
test-220	False	False
test-221	False	True
test-222	False	False
test-223	True	False
test-224	False	False
test-225	False	False
test-226	False	False
test-227	False	False
test-228	True	False
test-229	False	True
test-230	False	False
test-231	False	False
test-232	False	False
test-233	True	False
test-234	False	True
test-235	False	False
test-236	False	False
test-237	False	False
test-238	False	False
test-239	False	False
test-240	False	False
test-241	True	False
test-242	True	False
test-243	True	False
test-244	True	False
test-245	False	False
test-246	False	True
test-247	False	True
test-248	True	False
test-249	True	False
test-250	False	True
test-251	False	True
test-252	True	False
test-253	False	False
test-254	False	False
test-255	True	False
test-256	False	True
test-257	False	True
test-258	False	False
test-259	False	False
test-260	False	True
test-261	False	False
test-262	False	True
test-263	False	True
test-264	False	False
test-265	False	False
test-266	False	False
test-267	True	False
test-268	False	False
test-269	False	True
test-270	True	False
test-271	False	False
test-272	False	False
test-273	False	False
test-274	False	True
test-275	False	False
test-276	True	False
test-277	True	False
test-278	True	False
test-279	True	False
test-280	False	False
test-281	False	True
test-282	False	False
test-283	False	True
test-284	False	True
test-285	False	False
test-286	True	False
test-287	True	False
test-288	False	False
test-289	False	False
test-290	True	False
test-291	False	False
test-292	False	False
test-293	False	True
test-294	False	False
test-295	False	False
test-296	False	True
test-297	False	False
test-298	False	True
test-299	True	False
test-300	False	True
test-301	False	False
test-302	True	False
test-303	False	False
test-304	False	True
test-305	False	False
test-306	False	False
test-307	False	True
test-308	False	True
test-309	False	True
test-310	False	False
test-311	True	False
test-312	False	True
test-313	False	True
test-314	True	False
test-315	True	False
test-316	False	False
test-317	False	False
test-318	True	False
test-319	False	True
test-320	False	True
test-321	False	False
test-322	False	False
test-323	False	False
test-324	False	True
test-325	False	True
test-326	False	False
test-327	True	False
test-328	False	False
test-329	False	False
test-330	False	False
test-331	False	False
test-332	False	True
test-333	False	False
test-334	True	False
test-335	False	False
test-336	True	False
test-337	False	True
test-338	False	False
test-339	False	False
test-340	False	True
test-341	False	True
test-342	False	False
test-343	False	False
test-344	True	False
test-345	False	False
test-346	False	False
test-347	False	True
test-348	True	False
test-349	False	True
test-350	False	False
test-351	False	True
test-352	False	True
test-353	False	False
test-354	True	False
test-355	False	False
test-356	True	False
test-357	True	False
test-358	False	True
test-359	False	False
test-360	False	False
test-361	False	False
test-362	False	False
test-363	True	False
test-364	True	False
test-365	False	True
test-366	True	False
test-367	False	True
test-368	True	False
test-369	True	False
test-370	True	False
test-371	False	True
test-372	False	False
test-373	False	False
test-374	False	True
test-375	True	False
test-376	True	False
test-377	False	False
test-378	False	True
test-379	False	True
test-380	True	False
test-381	True	False
test-382	False	False
test-383	False	False
test-384	True	False
test-385	False	False
test-386	False	False
test-387	False	False
test-388	False	True
test-389	False	False
test-390	False	False
test-391	False	False
test-392	False	False
test-393	True	False
test-394	True	False
test-395	False	False
test-396	False	False
test-397	False	False
test-398	True	False
test-399	True	False
test-400	False	True
test-401	False	True
test-402	False	False
test-403	True	False
test-404	False	True
test-405	False	True
test-406	False	True
test-407	False	True
test-408	False	False
test-409	False	False
test-410	False	False
test-411	False	False
test-412	False	True
test-413	False	False
test-414	False	False
test-415	True	False
test-416	True	False
test-417	False	True
test-418	True	False
test-419	False	False
test-420	True	False
test-421	False	True
test-422	True	False
test-423	False	False
test-424	False	True
test-425	False	True
test-426	False	True
test-427	False	True
test-428	False	False
test-429	False	False
test-430	False	False
test-431	True	False
test-432	False	False
test-433	True	False
test-434	False	True
test-435	False	False
test-436	False	False
test-437	False	False
test-438	False	True
test-439	False	False
test-440	False	False
test-441	True	False
test-442	True	False
test-443	False	True
test-444	False	True
test-445	True	False
test-446	False	True
test-447	True	False
test-448	True	False
test-449	False	True
test-450	False	False
test-451	False	True
test-452	False	True
test-453	False	False
test-454	True	False
test-455	False	False
test-456	True	False
test-457	False	True
test-458	True	False
test-459	False	False
test-460	False	True
test-461	True	False
test-462	False	False
test-463	False	False
test-464	False	False
test-465	True	False
test-466	False	False
test-467	False	True
test-468	False	True
test-469	True	False
test-470	True	False
test-471	False	False
test-472	False	False
test-473	True	False
test-474	False	True
test-475	False	False
test-476	False	False
test-477	False	True
test-478	True	False
test-479	False	False
test-480	False	False
test-481	False	False
test-482	False	False
test-483	True	False
test-484	False	True
test-485	False	True
test-486	False	False
test-487	False	True
test-488	False	False
test-489	True	False
test-490	False	False
test-491	False	False
test-492	False	False
test-493	False	False
test-494	False	False
test-495	False	True
test-496	False	False
test-497	True	False
test-498	False	False
test-499	False	False
test-500	False	True
test-501	True	False
test-502	False	True
test-503	False	False
test-504	False	False
test-505	False	False
test-506	False	False
test-507	False	True
test-508	True	False
test-509	False	False
test-510	False	False
test-511	False	False
test-512	False	False
test-513	False	False
test-514	False	False
test-515	False	True
test-516	False	True
test-517	False	False
test-518	False	False
test-519	False	True
test-520	False	False
test-521	False	False
test-522	False	False
test-523	False	False
test-524	False	False
test-525	False	False
test-526	False	False
test-527	True	False
test-528	False	True
test-529	False	False
test-530	False	False
test-531	False	False
test-532	False	False
test-533	False	True
test-534	False	True
test-535	True	False
test-536	True	False
test-537	False	False
test-538	False	False
test-539	False	True
test-540	True	False
test-541	False	False
test-542	False	False
test-543	False	False
test-544	False	True
test-545	True	False
test-546	False	False
test-547	True	False
test-548	False	True
test-549	False	False
test-550	False	False
test-551	False	True
test-552	False	True
test-553	False	False
test-554	False	True
test-555	True	False
test-556	False	False
test-557	False	False
test-558	False	True
test-559	False	False
test-560	True	False
test-561	True	False
test-562	False	False
test-563	False	False
test-564	False	True
test-565	False	True
test-566	True	False
test-567	False	False
test-568	True	False
test-569	False	True
test-570	False	True
test-571	True	False
test-572	False	False
test-573	True	False
test-574	False	False
test-575	True	False
test-576	False	False
test-577	True	False
test-578	True	False
test-579	False	False
test-580	True	False
test-581	False	False
test-582	False	True
test-583	False	False
test-584	False	True
test-585	False	False
test-586	False	False
test-587	True	False
test-588	False	False
test-589	False	True
test-590	False	False
test-591	False	False
test-592	False	True
test-593	True	False
test-594	False	True
test-595	False	False
test-596	False	False
test-597	False	True
test-598	True	False
test-599	False	False
test-600	False	False
test-601	True	False
test-602	False	False
test-603	False	False
test-604	False	False
test-605	False	False
test-606	False	False
test-607	False	True
test-608	True	False
test-609	True	False
test-610	False	False
test-611	False	True
test-612	True	False
test-613	False	True
test-614	False	False
test-615	False	True
test-616	False	False
test-617	False	False
test-618	False	True
test-619	True	False
test-620	False	False
test-621	False	False
test-622	False	False
test-623	False	True
test-624	False	False
test-625	False	False
test-626	False	False
test-627	False	False
test-628	False	False
test-629	True	False
test-630	False	True
test-631	False	False
test-632	False	False
test-633	True	False
test-634	False	False
test-635	False	True
test-636	False	True
test-637	False	False
test-638	False	False
test-639	False	True
test-640	False	False
test-641	False	True
test-642	False	True
test-643	False	True
test-644	False	False
test-645	True	False
test-646	True	False
test-647	True	False
test-648	True	False
test-649	True	False
test-650	False	False
test-651	False	True
test-652	False	False
test-653	False	True
test-654	True	False
test-655	False	True
test-656	True	False
test-657	False	False
test-658	True	False
test-659	False	False
test-660	False	False
test-661	False	True
test-662	True	False
test-663	True	False
test-664	False	False
test-665	False	False
test-666	False	False
test-667	False	False
test-668	False	False
test-669	False	True
test-670	False	False
test-671	False	False
test-672	True	False
test-673	False	True
test-674	True	False
test-675	False	False
test-676	False	False
test-677	False	False
test-678	True	False
test-679	False	False
test-680	False	False
test-681	False	True
test-682	False	True
test-683	False	False
test-684	False	False
test-685	True	False
test-686	False	True
test-687	False	True
test-688	True	False
test-689	False	False
test-690	True	False
test-691	True	False
test-692	False	False
test-693	False	False
test-694	True	False
test-695	False	False
test-696	False	False
test-697	True	False
test-698	False	False
test-699	False	False
test-700	True	False
test-701	False	False
test-702	False	True
test-703	True	False
test-704	False	True
test-705	False	False
test-706	False	False
test-707	True	False
test-708	True	False
test-709	False	True
test-710	False	True
test-711	False	False
test-712	True	False
test-713	False	True
test-714	False	False
test-715	False	False
test-716	False	False
test-717	False	False
test-718	False	False
test-719	True	False
test-720	False	False
test-721	False	True
test-722	False	True
test-723	False	False
test-724	False	True
test-725	False	False
test-726	True	False
test-727	False	False
test-728	False	False
test-729	False	True
test-730	True	False
test-731	False	False
test-732	False	True
test-733	False	False
test-734	False	False
test-735	False	False
test-736	True	False
test-737	True	False
test-738	False	True
test-739	False	False
test-740	False	False
test-741	True	False
test-742	False	False
test-743	False	True
test-744	False	False
test-745	False	True
test-746	False	True
test-747	False	False
test-748	False	False
test-749	False	True
test-750	False	True
test-751	False	False
test-752	True	False
test-753	True	False
test-754	False	True
test-755	False	True
test-756	False	True
test-757	False	False
test-758	False	True
test-759	True	False
test-760	False	True
test-761	True	False
test-762	True	False
test-763	True	False
test-764	False	True
test-765	False	True
test-766	False	False
test-767	False	False
test-768	True	False
test-769	True	False
test-770	False	False
test-771	False	False
test-772	False	True
test-773	False	False
test-774	False	True
test-775	False	True
test-776	False	False
test-777	True	False
test-778	False	False
test-779	True	False
test-780	False	False
test-781	False	False
test-782	False	False
test-783	False	False
test-784	False	False
test-785	False	False
test-786	True	False
test-787	False	False
test-788	False	True
test-789	False	False
test-790	False	False
test-791	False	False
test-792	True	False
test-793	False	False
test-794	False	True
test-795	False	True
test-796	False	True
test-797	False	False
test-798	True	False
test-799	True	False
test-800	False	True
test-801	False	True
test-802	False	True
test-803	False	False
test-804	False	False
test-805	False	False
test-806	True	False
test-807	False	False
test-808	False	False
test-809	False	False
test-810	False	False
test-811	False	False
test-812	False	False
test-813	False	False
test-814	False	False
test-815	True	False
test-816	False	True
test-817	True	False
test-818	False	False
test-819	False	False
test-820	False	False
test-821	False	False
test-822	True	False
test-823	True	False
test-824	False	False
test-825	False	True
test-826	True	False
test-827	False	False
test-828	True	False
test-829	False	False
test-830	False	True
test-831	True	False
test-832	False	True
test-833	False	True
test-834	True	False
test-835	False	False
test-836	True	False
test-837	False	True
test-838	False	True
test-839	False	True
test-840	True	False
test-841	True	False
test-842	False	True
test-843	False	True
test-844	False	True
test-845	False	False
test-846	False	True
test-847	False	True
test-848	False	False
test-849	True	False
test-850	False	False
test-851	False	True
test-852	True	False
test-853	False	False
test-854	False	False
test-855	False	False
test-856	False	False
test-857	False	False
test-858	False	False
test-859	False	True
test-860	True	False
test-861	False	True
test-862	False	False
test-863	False	True
test-864	True	False
test-865	False	False
test-866	False	False
test-867	False	True
test-868	False	False
test-869	False	False
test-870	True	False
test-871	False	True
test-872	False	True
test-873	False	False
test-874	True	False
test-875	False	True
test-876	False	True
test-877	False	False
test-878	False	False
test-879	False	False
test-880	False	False
test-881	False	True
test-882	True	False
test-883	False	True
test-884	False	False
test-885	False	False
test-886	False	False
test-887	False	False
test-888	False	False
test-889	False	True
test-890	False	False
test-891	False	False
test-892	False	False
test-893	False	False
test-894	False	False
test-895	False	False
test-896	True	False
test-897	False	False
test-898	False	False
test-899	False	False
test-900	False	False
test-901	False	False
test-902	True	False
test-903	False	False
test-904	False	False
test-905	False	True
test-906	True	False
test-907	False	True
test-908	True	False
test-909	False	False
test-910	True	False
test-911	False	False
test-912	False	True
test-913	True	False
test-914	False	False
test-915	False	False
test-916	False	True
test-917	False	False
test-918	True	False
test-919	True	False
test-920	False	False
test-921	False	False
test-922	False	False
test-923	True	False
test-924	False	True
test-925	False	True
test-926	False	True
test-927	False	True
test-928	False	False
test-929	False	False
test-930	False	False
test-931	False	False
test-932	False	True
test-933	False	False
test-934	False	False
test-935	False	False
test-936	False	True
test-937	False	False
test-938	False	False
test-939	False	False
test-940	False	False
test-941	False	False
test-942	False	True
test-943	False	True
test-944	True	False
test-945	False	True
test-946	False	True
test-947	True	False
test-948	False	True
test-949	True	False
test-950	False	True
test-951	False	False
test-952	True	False
test-953	False	False
test-954	False	True
test-955	False	False
test-956	False	True
test-957	False	True
test-958	True	False
test-959	True	False
test-960	False	True
test-961	False	False
test-962	False	False
test-963	False	True
test-964	False	True
test-965	True	False
test-966	False	False
test-967	False	False
test-968	False	True
test-969	True	False
test-970	True	False
test-971	False	False
test-972	False	False
test-973	False	False
test-974	True	False
test-975	False	False
test-976	True	False
test-977	False	False
test-978	False	False
test-979	False	False
test-980	True	False
test-981	False	True
test-982	False	True
test-983	False	False
test-984	False	False
test-985	False	False
test-986	False	False
test-987	True	False
test-988	False	True
test-989	False	False
test-990	False	False
test-991	False	True
test-992	False	False
test-993	False	True
test-994	False	True
test-995	False	False
test-996	True	False
test-997	False	True
test-998	False	False
test-999	False	True
test-1000	False	False
test-1001	True	False
test-1002	False	True
test-1003	True	False
test-1004	False	True
test-1005	True	False
test-1006	False	False
test-1007	False	False
test-1008	False	True
test-1009	False	False
test-1010	False	True
test-1011	False	False
test-1012	True	False
test-1013	False	False
test-1014	True	False
test-1015	False	False
test-1016	False	True
test-1017	False	True
test-1018	True	False
test-1019	False	False
test-1020	False	True
test-1021	False	False
test-1022	False	False
test-1023	True	False
test-1024	True	False
test-1025	False	True
test-1026	True	False
test-1027	False	False
test-1028	True	False
test-1029	False	False
test-1030	False	False
test-1031	False	False
test-1032	False	False
test-1033	True	False
test-1034	False	True
test-1035	False	False
test-1036	False	False
test-1037	True	False
test-1038	True	False
test-1039	False	False
test-1040	False	True
test-1041	False	False
test-1042	False	True
test-1043	True	False
test-1044	False	False
test-1045	True	False
test-1046	False	True
test-1047	False	False
test-1048	False	True
test-1049	True	False
test-1050	False	False
test-1051	True	False
test-1052	False	False
test-1053	False	False
test-1054	False	False
test-1055	False	True
test-1056	False	False
test-1057	False	True
test-1058	True	False
test-1059	False	False
test-1060	True	False
test-1061	False	True
test-1062	False	False
test-1063	False	False
test-1064	False	False
test-1065	False	False
test-1066	True	False
test-1067	False	False
test-1068	True	False
test-1069	False	False
test-1070	False	False
test-1071	False	False
test-1072	True	False
test-1073	True	False
test-1074	False	False
test-1075	False	False
test-1076	False	True
test-1077	False	True
test-1078	False	True
test-1079	False	False
test-1080	False	True
test-1081	False	True
test-1082	True	False
test-1083	False	False
test-1084	False	False
test-1085	False	True
test-1086	False	False
test-1087	False	False
test-1088	False	True
test-1089	True	False
test-1090	False	False
test-1091	True	False
test-1092	True	False
test-1093	False	True
test-1094	False	True
test-1095	True	False
test-1096	False	True
test-1097	False	False
test-1098	False	True
test-1099	False	False
test-1100	True	False
test-1101	False	True
test-1102	False	False
test-1103	False	True
test-1104	False	True
test-1105	False	True
test-1106	False	True
test-1107	True	False
test-1108	False	True
test-1109	False	False
test-1110	True	False
test-1111	False	True
test-1112	False	False
test-1113	False	False
test-1114	False	False
test-1115	False	False
test-1116	False	False
test-1117	True	False
test-1118	False	True
test-1119	False	False
test-1120	False	False
test-1121	True	False
test-1122	False	False
test-1123	False	False
test-1124	False	True
test-1125	True	False
test-1126	True	False
test-1127	False	True
test-1128	False	True
test-1129	False	False
test-1130	True	False
test-1131	True	False
test-1132	False	True
test-1133	False	False
test-1134	True	False
test-1135	False	True
test-1136	False	False
test-1137	False	False
test-1138	False	False
test-1139	False	False
test-1140	False	True
test-1141	False	True
test-1142	False	False
test-1143	False	False
test-1144	False	False
test-1145	True	False
test-1146	False	False
test-1147	False	False
test-1148	False	False
test-1149	False	True
test-1150	False	True
test-1151	False	False
test-1152	False	True
test-1153	False	True
test-1154	False	False
test-1155	False	False
test-1156	False	False
test-1157	False	False
test-1158	False	True
test-1159	False	False
test-1160	True	False
test-1161	False	False
test-1162	False	False
test-1163	False	False
test-1164	True	False
test-1165	False	False
test-1166	False	True
test-1167	False	False
test-1168	False	False
test-1169	False	False
test-1170	False	True
test-1171	False	True
test-1172	False	True
test-1173	True	False
test-1174	False	False
test-1175	False	False
test-1176	False	False
test-1177	False	False
test-1178	False	False
test-1179	True	False
test-1180	True	False
test-1181	False	False
test-1182	True	False
test-1183	False	False
test-1184	False	False
test-1185	False	True
test-1186	False	False
test-1187	False	False
test-1188	False	False
test-1189	False	False
test-1190	False	True
test-1191	True	False
test-1192	False	True
test-1193	False	False
test-1194	True	False
test-1195	False	False
test-1196	False	True
test-1197	False	True
test-1198	False	False
test-1199	False	False
test-1200	True	False
test-1201	False	False
test-1202	False	True
test-1203	False	True
test-1204	True	False
test-1205	True	False
test-1206	False	True
test-1207	False	False
test-1208	True	False
test-1209	False	True
test-1210	False	False
test-1211	False	True
test-1212	True	False
test-1213	False	False
test-1214	True	False
test-1215	False	False
test-1216	False	False
test-1217	False	True
test-1218	False	False
test-1219	False	False
test-1220	False	False
test-1221	False	False
test-1222	False	True
test-1223	False	False
test-1224	False	False
test-1225	False	True
test-1226	False	True
test-1227	False	False
test-1228	True	False
test-1229	True	False
test-1230	True	False
test-1231	False	True
test-1232	False	False
test-1233	True	False
test-1234	False	True
test-1235	False	False
test-1236	False	False
test-1237	False	False
test-1238	False	False
test-1239	False	False
test-1240	True	False
test-1241	False	True
test-1242	False	False
test-1243	False	False
test-1244	False	False
test-1245	True	False
test-1246	False	True
test-1247	False	False
test-1248	False	True
test-1249	True	False
test-1250	True	False
test-1251	False	False
test-1252	False	True
test-1253	False	False
test-1254	False	False
test-1255	False	True
test-1256	False	False
test-1257	False	False
test-1258	True	False
test-1259	True	False
test-1260	False	False
test-1261	False	False
test-1262	True	False
test-1263	True	False
test-1264	True	False
test-1265	False	False
test-1266	True	False
test-1267	False	False
test-1268	False	False
test-1269	False	False
test-1270	False	False
test-1271	False	True
test-1272	False	True
test-1273	False	False
test-1274	False	False
test-1275	False	True
test-1276	True	False
test-1277	True	False
test-1278	False	False
test-1279	False	True
test-1280	False	True
test-1281	False	False
test-1282	True	False
test-1283	False	False
test-1284	False	True
test-1285	False	True
test-1286	True	False
test-1287	False	True
test-1288	False	True
test-1289	False	True
test-1290	False	True
test-1291	False	False
test-1292	False	True
test-1293	False	True
test-1294	False	False
test-1295	False	False
test-1296	True	False
test-1297	False	False
test-1298	False	False
test-1299	True	False
test-1300	False	False
test-1301	False	True
test-1302	False	False
test-1303	True	False
test-1304	True	False
test-1305	True	False
test-1306	True	False
test-1307	False	False
test-1308	False	False
test-1309	False	False
test-1310	False	False
test-1311	False	True
test-1312	False	True
test-1313	True	False
test-1314	False	True
test-1315	False	False
test-1316	False	True
test-1317	False	False
test-1318	False	False
test-1319	False	True
test-1320	False	False
test-1321	False	False
test-1322	False	False
test-1323	False	False
test-1324	False	False
test-1325	False	True
test-1326	False	False
test-1327	False	True
test-1328	True	False
test-1329	False	False
test-1330	False	True
test-1331	True	False
test-1332	False	False
test-1333	False	False
test-1334	False	False
test-1335	False	False
test-1336	False	False
test-1337	False	False
test-1338	False	False
test-1339	True	False
test-1340	False	False
test-1341	False	True
test-1342	False	True
test-1343	False	True
test-1344	False	True
test-1345	False	False
test-1346	True	False
test-1347	False	True
test-1348	False	True
test-1349	False	False
test-1350	False	True
test-1351	False	False
test-1352	False	True
test-1353	True	False
test-1354	True	False
test-1355	False	False
test-1356	True	False
test-1357	False	False
test-1358	True	False
test-1359	False	True
test-1360	False	True
test-1361	True	False
test-1362	False	True
test-1363	False	False
test-1364	False	True
test-1365	True	False
test-1366	False	True
test-1367	False	True
test-1368	False	True
test-1369	False	False
test-1370	True	False
test-1371	False	False
test-1372	False	False
test-1373	False	True
test-1374	True	False
test-1375	False	False
test-1376	False	False
test-1377	True	False
test-1378	True	False
test-1379	False	False
test-1380	False	False
test-1381	False	False
test-1382	False	True
test-1383	False	False
test-1384	False	False
test-1385	False	False
test-1386	False	False
test-1387	False	True
test-1388	False	False
test-1389	False	False
test-1390	False	False
test-1391	True	False
test-1392	False	True
test-1393	False	False
test-1394	False	False
test-1395	False	False
test-1396	True	False
test-1397	False	False
test-1398	True	False
test-1399	False	False
test-1400	False	False
test-1401	False	True
test-1402	False	True
test-1403	True	False
test-1404	False	False
test-1405	False	False
test-1406	False	True
test-1407	False	False
test-1408	False	False
test-1409	False	False
test-1410	False	False
test-1411	True	False
test-1412	False	False
test-1413	False	False
test-1414	False	False
test-1415	False	True
test-1416	False	False
test-1417	False	True
test-1418	False	False
test-1419	False	False
test-1420	False	True
test-1421	True	False
test-1422	False	False
test-1423	True	False
test-1424	True	False
test-1425	False	False
test-1426	False	False
test-1427	True	False
test-1428	False	False
test-1429	False	True
test-1430	True	False
test-1431	False	False
test-1432	False	False
test-1433	True	False
test-1434	True	False
test-1435	False	True
test-1436	True	False
test-1437	False	True
test-1438	False	False
test-1439	False	False
test-1440	False	False
test-1441	False	False
test-1442	False	False
test-1443	False	False
test-1444	False	True
test-1445	False	True
test-1446	False	False
test-1447	True	False
test-1448	True	False
test-1449	False	True
test-1450	False	False
test-1451	False	False
test-1452	True	False
test-1453	True	False
test-1454	False	True
test-1455	True	False
test-1456	False	False
test-1457	False	True
test-1458	False	True
test-1459	False	True
test-1460	False	True
test-1461	False	True
test-1462	True	False
test-1463	True	False
test-1464	False	False
test-1465	False	False
test-1466	False	True
test-1467	False	False
test-1468	False	True
test-1469	False	False
test-1470	False	True
test-1471	False	False
test-1472	False	False
test-1473	False	False
test-1474	False	False
test-1475	True	False
test-1476	False	False
test-1477	False	False
test-1478	False	False
test-1479	True	False
test-1480	True	False
test-1481	False	False
test-1482	False	False
test-1483	False	False
test-1484	True	False
test-1485	False	True
test-1486	False	False
test-1487	False	True
test-1488	False	True
test-1489	True	False
test-1490	True	False
test-1491	False	False
test-1492	False	True
test-1493	False	True
test-1494	False	True
test-1495	True	False
test-1496	False	False
test-1497	False	False
test-1498	False	False
test-1499	True	False
test-1500	False	False
test-1501	False	False
test-1502	False	False
test-1503	False	False
test-1504	False	False
test-1505	False	False
test-1506	False	True
test-1507	True	False
test-1508	True	False
test-1509	True	False
test-1510	False	False
test-1511	False	True
test-1512	False	False
test-1513	False	True
test-1514	False	False
test-1515	False	False
test-1516	False	True
test-1517	False	False
test-1518	False	False
test-1519	False	False
test-1520	False	False
test-1521	True	False
test-1522	True	False
test-1523	False	False
test-1524	False	False
test-1525	False	False
test-1526	False	False
test-1527	False	True
test-1528	False	True
test-1529	False	True
test-1530	False	False
test-1531	False	False
test-1532	False	False
test-1533	False	True
test-1534	False	False
test-1535	False	True
test-1536	False	False
test-1537	False	True
test-1538	False	False
test-1539	False	True
test-1540	False	False
test-1541	True	False
test-1542	False	True
test-1543	True	False
test-1544	False	True
test-1545	False	False
test-1546	False	True
test-1547	False	False
test-1548	False	False
test-1549	False	False
test-1550	False	True
test-1551	False	True
test-1552	True	False
test-1553	True	False
test-1554	False	True
test-1555	False	False
test-1556	False	False
test-1557	False	False
test-1558	False	True
test-1559	False	False
test-1560	False	False
test-1561	False	True
test-1562	False	True
test-1563	False	False
test-1564	False	True
test-1565	True	False
test-1566	False	False
test-1567	False	True
test-1568	False	False
test-1569	False	True
test-1570	False	True
test-1571	False	False
test-1572	False	False
test-1573	False	False
test-1574	False	True
test-1575	True	False
test-1576	False	True
test-1577	False	False
test-1578	True	False
test-1579	False	False
test-1580	False	False
test-1581	True	False
test-1582	False	False
test-1583	False	False
test-1584	False	True
test-1585	False	False
test-1586	False	False
test-1587	True	False
test-1588	True	False
test-1589	False	False
test-1590	False	False
test-1591	False	True
test-1592	True	False
test-1593	False	False
test-1594	False	False
test-1595	False	False
test-1596	False	True
test-1597	False	True
test-1598	False	False
test-1599	True	False
test-1600	False	True
test-1601	False	False
test-1602	False	False
test-1603	False	False
test-1604	False	False
test-1605	False	False
test-1606	False	True
test-1607	False	False
test-1608	False	True
test-1609	False	False
test-1610	False	True
test-1611	False	True
test-1612	False	False
test-1613	False	False
test-1614	True	False
test-1615	False	False
test-1616	False	False
test-1617	False	False
test-1618	False	False
test-1619	False	True
test-1620	False	False
test-1621	False	False
test-1622	False	False
test-1623	False	True
test-1624	True	False
test-1625	False	True
test-1626	True	False
test-1627	False	False
test-1628	True	False
test-1629	False	False
test-1630	False	True
test-1631	False	False
test-1632	True	False
test-1633	False	False
test-1634	False	False
test-1635	False	False
test-1636	False	False
test-1637	False	False
test-1638	False	False
test-1639	False	True
test-1640	False	False
test-1641	False	False
test-1642	False	False
test-1643	True	False
test-1644	False	False
test-1645	True	False
test-1646	False	False
test-1647	False	False
test-1648	False	False
test-1649	False	True
test-1650	True	False
test-1651	False	True
test-1652	False	False
test-1653	False	True
test-1654	False	False
test-1655	False	False
test-1656	False	True
test-1657	False	True
test-1658	False	True
test-1659	True	False
test-1660	True	False
test-1661	False	False
test-1662	True	False
test-1663	False	False
test-1664	False	False
test-1665	False	False
test-1666	False	True
test-1667	False	False
test-1668	False	False
test-1669	True	False
test-1670	False	False
test-1671	False	False
test-1672	False	True
test-1673	False	False
test-1674	False	False
test-1675	False	True
test-1676	True	False
test-1677	False	False
test-1678	False	False
test-1679	True	False
test-1680	False	True
test-1681	False	False
test-1682	False	False
test-1683	True	False
test-1684	False	False
test-1685	False	True
test-1686	True	False
test-1687	True	False
test-1688	False	False
test-1689	False	False
test-1690	False	False
test-1691	False	True
test-1692	True	False
test-1693	False	False
test-1694	True	False
test-1695	False	False
test-1696	True	False
test-1697	False	False
test-1698	True	False
test-1699	False	False
test-1700	True	False
test-1701	True	False
test-1702	False	True
test-1703	True	False
test-1704	False	False
test-1705	False	False
test-1706	True	False
test-1707	False	False
test-1708	False	False
test-1709	False	False
test-1710	True	False
test-1711	False	False
test-1712	False	False
test-1713	True	False
test-1714	True	False
test-1715	False	False
test-1716	False	False
test-1717	False	False
test-1718	False	False
test-1719	False	True
test-1720	False	True
test-1721	False	False
test-1722	False	True
test-1723	False	False
test-1724	False	False
test-1725	False	False
test-1726	False	True
test-1727	True	False
test-1728	False	False
test-1729	False	False
test-1730	False	False
test-1731	False	False
test-1732	False	True
test-1733	False	False
test-1734	False	True
test-1735	False	False
test-1736	False	False
test-1737	True	False
test-1738	False	True
test-1739	True	False
test-1740	False	False
test-1741	False	False
test-1742	True	False
test-1743	True	False
test-1744	False	True
test-1745	False	True
test-1746	False	False
test-1747	False	False
test-1748	True	False
test-1749	True	False
test-1750	False	True
test-1751	True	False
test-1752	False	False
test-1753	True	False
test-1754	False	False
test-1755	False	False
test-1756	True	False
test-1757	False	False
test-1758	True	False
test-1759	True	False
test-1760	False	False
test-1761	True	False
test-1762	True	False
test-1763	True	False
test-1764	False	False
test-1765	False	True
test-1766	False	False
test-1767	False	True
test-1768	False	True
test-1769	False	True
test-1770	False	False
test-1771	False	False
test-1772	False	False
test-1773	False	True
test-1774	False	False
test-1775	True	False
test-1776	False	False
test-1777	False	True
test-1778	False	False
test-1779	False	True
test-1780	False	True
test-1781	False	True
test-1782	False	True
test-1783	False	False
test-1784	False	False
test-1785	False	False
test-1786	True	False
test-1787	True	False
test-1788	False	False
test-1789	False	False
test-1790	False	False
test-1791	True	False
test-1792	False	False
test-1793	False	True
test-1794	False	True
test-1795	True	False
test-1796	False	False
test-1797	False	False
test-1798	False	False
test-1799	True	False
test-1800	False	True
test-1801	True	False
test-1802	False	False
test-1803	True	False
test-1804	True	False
test-1805	True	False
test-1806	True	False
test-1807	False	True
test-1808	True	False
test-1809	False	False
test-1810	True	False
test-1811	True	False
test-1812	False	False
test-1813	True	False
test-1814	False	True
test-1815	True	False
test-1816	False	False
test-1817	False	False
test-1818	False	True
test-1819	False	True
test-1820	False	False
test-1821	True	False
test-1822	False	False
test-1823	False	False
test-1824	False	False
test-1825	False	False
test-1826	True	False
test-1827	False	False
test-1828	False	False
test-1829	False	False
test-1830	True	False
test-1831	True	False
test-1832	False	True
test-1833	False	False
test-1834	False	False
test-1835	False	True
test-1836	True	False
test-1837	False	False
test-1838	False	False
test-1839	False	False
test-1840	False	False
test-1841	False	False
test-1842	True	False
test-1843	False	False
test-1844	False	False
test-1845	False	True
test-1846	False	False
test-1847	False	True
test-1848	False	True
test-1849	False	True
test-1850	False	False
test-1851	False	True
test-1852	False	True
test-1853	False	False
test-1854	True	False
test-1855	True	False
test-1856	False	False
test-1857	False	False
test-1858	True	False
test-1859	False	False
test-1860	True	False
test-1861	True	False
test-1862	False	True
test-1863	False	False
test-1864	False	True
test-1865	False	False
test-1866	False	True
test-1867	False	True
test-1868	False	False
test-1869	False	False
test-1870	False	True
test-1871	True	False
test-1872	False	True
test-1873	False	False
test-1874	False	False
test-1875	True	False
test-1876	True	False
test-1877	False	False
test-1878	False	False
test-1879	False	False
test-1880	False	False
test-1881	False	False
test-1882	False	True
test-1883	True	False
test-1884	True	False
test-1885	False	False
test-1886	False	False
test-1887	False	False
test-1888	True	False
test-1889	False	False
test-1890	False	False
test-1891	False	False
test-1892	False	True
test-1893	True	False
test-1894	True	False
test-1895	True	False
test-1896	False	False
test-1897	False	False
test-1898	False	True
test-1899	True	False
test-1900	True	False
test-1901	False	False
test-1902	False	False
test-1903	False	False
test-1904	False	True
test-1905	False	False
test-1906	True	False
test-1907	True	False
test-1908	False	True
test-1909	True	False
test-1910	False	False
test-1911	False	False
test-1912	True	False
test-1913	True	False
test-1914	False	True
test-1915	False	False
test-1916	True	False
test-1917	True	False
test-1918	False	False
test-1919	False	True
test-1920	False	False
test-1921	True	False
test-1922	False	False
test-1923	True	False
test-1924	False	True
test-1925	False	False
test-1926	False	False
test-1927	False	True
test-1928	False	True
test-1929	False	False
test-1930	False	False
test-1931	False	True
test-1932	False	False
test-1933	False	True
test-1934	True	False
test-1935	True	False
test-1936	False	False
test-1937	True	False
test-1938	True	False
test-1939	True	False
test-1940	True	False
test-1941	False	False
test-1942	False	False
test-1943	False	False
test-1944	True	False
test-1945	False	False
test-1946	False	False
test-1947	False	True
test-1948	False	False
test-1949	True	False
test-1950	False	True
test-1951	True	False
test-1952	False	False
test-1953	True	False
test-1954	False	True
test-1955	False	False
test-1956	True	False
test-1957	False	True
test-1958	False	True
test-1959	False	False
test-1960	False	False
test-1961	False	False
test-1962	False	False
test-1963	False	True
test-1964	False	True
test-1965	False	True
test-1966	False	False
test-1967	False	True
test-1968	False	True
test-1969	False	True
test-1970	False	True
test-1971	True	False
test-1972	False	True
test-1973	False	False
test-1974	False	False
test-1975	False	True
test-1976	False	True
test-1977	False	False
test-1978	False	False
test-1979	True	False
test-1980	True	False
test-1981	False	True
test-1982	False	False
test-1983	False	False
test-1984	False	True
test-1985	False	False
test-1986	False	False
test-1987	False	False
test-1988	True	False
test-1989	False	True
test-1990	False	False
test-1991	False	True
test-1992	False	False
test-1993	False	False
test-1994	False	True
test-1995	False	False
test-1996	False	False
test-1997	False	False
test-1998	False	True
test-1999	False	False
test-2000	False	False

