id,year,org,sentence,type,X,action,Y,33,4,9,1,15,4
32454163,2020,"Environment-Omics-Disease Research Center, China Medical University Hospital, China Medical University, Taichung, Taiwan, China; Graduate Institute normof Toxicology, College of Medicine, National Taiwan University, Taipei, Taiwan, China. Electronic address: d97913@mail.cmuh.org.tw.",MAO-A inhibitors prevent neurotransmitter breakdown and increase dopamine and serotonin concentrations in the brain.,5,MAO-A inhibitors,prevent,neurotransmitter breakdown,,,,,,
32455453,2020,"Centre for Atherothrombotic & Metabolic Disease, Hull York Medical School, Hull, United Kingdom of Great Britain and Northern Ireland.","In the first part, we explain the basic chemical kinetics concepts and algebraic equations required to perform ""street fighting"" quantitative analysis.",0,,,,,,,,,
32454074,2020,"National Institutes for Food and Drug Control, Beijing 100050, China. Electronic address: bjhcq@263.net.","Fluorescence imaging and Oil Red O stain assays showed all the tested macrolide drugs induced liver degeneration, changed liver size and liver steatosis in larval zebrafish.",4,all the tested macrolide drugs,induced,liver degeneration,,,,,,
32454074,2020,"National Institutes for Food and Drug Control, Beijing 100050, China. Electronic address: bjhcq@263.net.",The whole-mount in situ hybridization showed high transcription of c-Fos induced by macrolide compounds mainly in the liver region of zebrafish larvae.,0,,,,,,,,,
32454074,2020,"National Institutes for Food and Drug Control, Beijing 100050, China. Electronic address: bjhcq@263.net.",These data indicate that hepatotoxicity induced by macrolides may be correlated with c-Fos expression activated by these compounds.,0,,,,,,,,,
32454074,2020,"National Institutes for Food and Drug Control, Beijing 100050, China. Electronic address: bjhcq@263.net.","This study may provide a biomarker for the further investigations on the mechanism of hepatotoxicity induced by macrolide drugs with different structures, and extend our understanding for improving rational clinical application of macrolides.",0,,,,,,,,,
32454225,2020,"Department of Gastroenterology and Hepatology, Tianjin Medical University General Hospital, Anshan Road 154, Heping District, Tianjin 300052, China; Tianjin Institute of Digestive Disease, Tianjin Medical University General Hospital, Anshan Road 154, Heping District, Tianjin 300052, China; Tianjin Key Laboratory of Digestive Disease, Tianjin Medical University General Hospital, Anshan Road 154, Heping District, Tianjin 300052, China; Department of Gastroenterology, Tianjin Medical University General Hospital Airport Hospital, East Street 6, Tianjin Airport Economic Area, Tianjin 300308, China. Electronic address: chaosun@tmu.edu.cn.","As a typical UCP2-inhibiting compound, genipin could inhibit AMP-activated protein kinase or NF-κB in circumstance.",1,genipin,could inhibit,AMP-activated protein kinase or NF-κB,,,,,,
32454225,2020,"Department of Gastroenterology and Hepatology, Tianjin Medical University General Hospital, Anshan Road 154, Heping District, Tianjin 300052, China; Tianjin Institute of Digestive Disease, Tianjin Medical University General Hospital, Anshan Road 154, Heping District, Tianjin 300052, China; Tianjin Key Laboratory of Digestive Disease, Tianjin Medical University General Hospital, Anshan Road 154, Heping District, Tianjin 300052, China; Department of Gastroenterology, Tianjin Medical University General Hospital Airport Hospital, East Street 6, Tianjin Airport Economic Area, Tianjin 300308, China. Electronic address: chaosun@tmu.edu.cn.",Further studies are therefore required to disentangle these complicated pharmacological properties to confer this natural agent a far greater potency.,0,,,,,,,,,
32454064,2020,"Center for Substance Abuse Research, Lewis Katz School of Medicine, Temple University, Philadelphia, PA 19140, USA; Department of Pharmacology, Lewis Katz School of Medicine, Temple University, Philadelphia, PA 19140, USA. Electronic address: ellen.unterwald@temple.edu.","GSK-3β has been demonstrated to function as a regulator of multiple behavioral processes induced by drugs of abuse, particularly psychostimulant drugs.",0,,,,,,,,,
32454064,2020,"Center for Substance Abuse Research, Lewis Katz School of Medicine, Temple University, Philadelphia, PA 19140, USA; Department of Pharmacology, Lewis Katz School of Medicine, Temple University, Philadelphia, PA 19140, USA. Electronic address: ellen.unterwald@temple.edu.","Additional studies are required to examine the role of GSK-3β in distinct cell types within the mesolimbic and memory circuits to further elucidate the mechanisms related to the acquisition, consolidation, and recall of drug-related memories, and potentially countering neuroadaptations that reinforce drug-seeking behaviors that maintain drug dependence.",0,,,,,,,,,
32453880,2020,"Dr Ruth Pfau Civil Hospital Karachi, Dow University of Health Sciences, Karachi, Pakistan.","Male subjects, having any one of the sperm parameters below the reference values comprised the group of ""Altered Sperm Parameters"".The thyroid profile; Thyroxine (T4,) triiodo thyronine (T3), thyroid Stimulating Hormone (TSH), Thyroid Peroxidase antibodies (Anti-TPO) was estimated in addition to reproductive hormones Testosterone and Sex hormone binding globulin (SHBG).",0,,,,,,,,,
32453815,2020,"Anhui Provincial Key Laboratory for Chinese Herbal Compound, Anhui Academy of Chinese Medicine, Hefei 230012, China.",Their relationship is usually defined as competition as C. glabrata can inhibit growth of C. albicans in cohabitation.,2,C. glabrata,can inhibit,growth,,,,,,
32455482,2020,"Consultant Clinical Psychologist/Clinical Director/Senior Lecturer in Clinical Psychology (honorary), Cardiff University and Prifysgol Caerdydd and Cardiff and Vale NHS board, UK.",Systematic research to explore this further requires a valid and reliable measurement tool.,4,Systematic research,requires,valid and reliable measurement tool,,,,,,
32455482,2020,"Consultant Clinical Psychologist/Clinical Director/Senior Lecturer in Clinical Psychology (honorary), Cardiff University and Prifysgol Caerdydd and Cardiff and Vale NHS board, UK.","Although the factor structure of the EAVE-Q requires replication in other AN samples, the EAVE-Q is the first measure of a critical internal dialogue in AN.",4,factor structure,requires,replication,,,,,,
32454173,2020,"Clinical Research Division, Korea Institute of Oriental Medicine, 1672 Yuseong-daero, 34054, Daejeon, Republic of Korea. Electronic address: jjy0918@kiom.re.kr.","In addition, DST inhibited hepatic lipid accumulation through the downregulation of C/EBPα, PPARγ, and pAMPK.",2,DST,inhibited,hepatic lipid accumulation,,,,,,
32454488,2020,"National Center of Competence in Research ""Kidney.CH"", Zurich, Switzerland, zhihong.yang@unifr.ch.",The results suggest that targeting Arg-II or inhibiting p38mapk could be beneficial in reducing age-associated adipose tissue inflammation.,0,,,,,,,,,
32454255,2020,"Toxalim (Research Centre in Food Toxicology), Université de Toulouse, INRAE, ENVT, INP-Purpan, UPS, Toulouse, France.","Our objective was to explore the proteome changes induced by a short, non-cytotoxic exposure to ZEN in the intestine using pig jejunal explants.",0,,,,,,,,,
32453820,2020,"Cardiovascular Antisense Drug Discovery, Ionis Pharmaceuticals, Carlsbad CA, USA.","The protein chemerin (tazarotene induced gene, TIG2; RARRES2) is a relatively new adipokine.",0,,,,,,,,,
32454210,2020,"School of Life Science, Nanchang University, Nanchang, 330031, China. Electronic address: hucy2008@163.com.","In mammalian cells, PKR can also be activated in the absence of dsRNA.",0,,,,,,,,,
32454210,2020,"School of Life Science, Nanchang University, Nanchang, 330031, China. Electronic address: hucy2008@163.com.","A PKR activator, PACT (PKR activating protein), also referred to as RAX (PKR-associated protein X) plays an important role.",0,,,,,,,,,
32454210,2020,"School of Life Science, Nanchang University, Nanchang, 330031, China. Electronic address: hucy2008@163.com.",Overexpression of CiPACT induced the down-regulation of intracellular expression of bcl-2 and up-regulation of bax.,4,Overexpression,induced,down-regulation,,,,,,
32454210,2020,"School of Life Science, Nanchang University, Nanchang, 330031, China. Electronic address: hucy2008@163.com.","Therefore, the mechanism of fish PACT induces apoptosis and activates NF-кB is dependent on PKR.",4,mechanism,induces,apoptosis,,,,,,
32454211,2020,"Immunobiology for Aquaculture Group, Department of Cell Biology and Histology, Faculty of Biology, Campus of International Excellence, Campus Mare Nostrum, University of Murcia, Murcia, Spain. Electronic address: aesteban@um.es.","However, digestion is a very complex process in which food is processed to obtain necessary nutrients and central mechanisms of this process require both endocrine and neuronal regulation.",4,central mechanisms,require,both endocrine and neuronal regulation,,,,,,
32453734,2020,"Infectious Infectious Diseases and Tropical Medicine Section, Diagnostic and Public Health Department, University of Verona, Verona, Italy.","Microscopy requires trained personnel and has low sensitivity, while the serodiagnosis is currently not standardized.",4,Microscopy,requires,trained personnel,,,,,,
32454462,2020,"Department of Neurosurgery, Shanghai General Hospital, Shanghai Jiao Tong University School of Medicine, Shanghai Jiao Tong University, Shanghai 200080, China.","


        Background:
      
    

    
      Stearoyl-coenzyme A desaturase-1 (SCD1) can inhibit the development of diabetic bone disease by promoting osteogenesis.",2,Stearoyl-coenzyme A desaturase-1,can inhibit,development,,,,,,
32454462,2020,"Department of Neurosurgery, Shanghai General Hospital, Shanghai Jiao Tong University School of Medicine, Shanghai Jiao Tong University, Shanghai 200080, China.","SCD1 inhibited the expression of CDKN1A and FOS, but promoted the expression of EXO1 and PLS1.",2,SCD1,inhibited,expression of CDKN1A and FOS,,,,,,
32454517,2020,"National Clinical Research Center for Dermatologic and Immunologic Diseases, Beijing, China. dr_guankai@126.com.","Impact:
      
    

    
      Thunderstorm can induce asthma attacks in children with allergic rhinitis owing to mugwort and aggravate symptoms in children with confirmed diagnosis of asthma.Children with mugwort allergy are susceptible to thunderstorm asthma and a preponderance of boys was observed.Better identification of allergic children to mugwort, giving suitable protective measures during thunderstorm and standard therapy to existing allergic situation could be a benefit for children at risk of thunderstorm asthma.",4,Thunderstorm,can induce,asthma attacks,,,,,,
32454116,2020,"College of Life Science, Engineering Research Center of the Chinese Ministry of Education for Bioreactor and Pharmaceutical Development, Jilin Agricultural University, Changchun, 130118, China. Electronic address: hyli99@163.com.","Hydroxysafflor yellow A (HSYA) is an effective chemical component isolated from Chinese herb Carthamus tinctorius L. In present study, we aimed to evaluate the effects of HSYA on D-galactose- (D-gal-) induced aging in mice, and to elucidate the underlying mechanism.",0,,,,,,,,,
32454116,2020,"College of Life Science, Engineering Research Center of the Chinese Ministry of Education for Bioreactor and Pharmaceutical Development, Jilin Agricultural University, Changchun, 130118, China. Electronic address: hyli99@163.com.",HSYA also dramatically attenuated pathologic changes of aging liver tissues induced by D-gal.,0,,,,,,,,,
32453870,2020,"Nuritas Ltd, Joshua Dawson House, Dawson St, Dublin 2, D02 RY95, Dublin, Ireland.","Similarly, in HDFs, pep_RTE62G consistently induced the neosynthesis of ECM proteins elastin and collagen; effects that are upheld in human skin explants.",4,pep_RTE62G,induced,neosynthesis,,,,,,
32453896,2020,"Students Research Committee, School of Medicine, Ardabil University of Medical Sciences, Ardabil, Iran.",This study aimed to evaluate the protective effect of cinnamon and ginger extract on testicular damages induced by carbon tetrachloride (CCl4).,0,,,,,,,,,
32453896,2020,"Students Research Committee, School of Medicine, Ardabil University of Medical Sciences, Ardabil, Iran.",The results of this study indicated that co-treatment of ginger and cinnamon reduces the damages induced by CCl4 in testicular tissue by increasing antioxidant capacity and reducing lipid peroxidation.,0,,,,,,,,,
32453824,2020,"Instituto de Agrobiotecnología del Litoral (CONICET-UNL), Cátedra de Biología Celular y Molecular, Facultad de Bioquímica y Ciencias Biológicas, Universidad Nacional del Litoral,_Argentina.","TCP14 and TCP15 are also required for the expression of the cuticle biosynthesis genes CYP86A4, GPAT6 and CUS2, and of SHN1 and SHN2, two AP2/EREBP transcription factors required for cutin and wax biosynthesis.",0,,,,,,,,,
32453920,2020,"Harvey Cushing/John Hay Whitney Medical Library, Yale University, New Haven, CT.",Studies investigated refractory shock induced by a variety of etiologies and found that methylene blue was generally safe and increased mean arterial blood pressure.,0,,,,,,,,,
32454511,2020,"Department of Pharmacology & Systems Physiology, University of Cincinnati College of Medicine, Cincinnati, OH, USA. eric.wohleb@uc.edu.","Further studies showed that diazepam normalized Csf1 and C3 mRNA in the PFC, and prevented increases in Csf1r and Cd11b in frontal cortex microglia following CUS.",5,diazepam,prevented,increases,,,,,,
32454511,2020,"Department of Pharmacology & Systems Physiology, University of Cincinnati College of Medicine, Cincinnati, OH, USA. eric.wohleb@uc.edu.",Confocal imaging in Thy1-GFP(M) mice demonstrated that diazepam limited microglial engulfment of neuronal elements and blocked CUS-induced dendritic spine loss in the medial PFC.,5,diazepam,blocked,CUS-induced dendritic spine loss,,,,,,
32454111,2020,"Chemistry Laboratory, Department of Mathematics and Science Education, Kazim Karabekir Education Faculty, Atatürk University, 25240 Erzurum, Turkey.","ACP activity was stimulated by Ca2+, strongly inhibited by Cu2+ and Fe3+, and moderately inhibited by Mg2+ and Zn2+.",4,ACP activity,was stimulated by,Ca2+,,,,,,
32454111,2020,"Chemistry Laboratory, Department of Mathematics and Science Education, Kazim Karabekir Education Faculty, Atatürk University, 25241 Erzurum, Turkey.","ACP activity was stimulated by Ca2+, strongly inhibited by Cu2+ and Fe3+, and moderately inhibited by Mg2+ and Zn2+.",2,ACP activity,was inhibited by,Cu2+ and Fe3+,,,,,,
32454111,2020,"Chemistry Laboratory, Department of Mathematics and Science Education, Kazim Karabekir Education Faculty, Atatürk University, 25242 Erzurum, Turkey.","ACP activity was stimulated by Ca2+, strongly inhibited by Cu2+ and Fe3+, and moderately inhibited by Mg2+ and Zn2+.",2,ACP activity,was inhibited by,Mg2+ and Zn2+,,,,,,
32454111,2020,"Chemistry Laboratory, Department of Mathematics and Science Education, Kazim Karabekir Education Faculty, Atatürk University, 25240 Erzurum, Turkey.","Br-, CN-, F-, I- and N3- weakly inhibited ACP activity, where more than 70% of enzyme activity was remained at 5 mM.",2,"Br-, CN-, F-, I- and N3-",inhibited,ACP activity,,,,,,
32455509,2020,"University of Melbourne Department of Surgery, Royal Melbourne Hospital, Melbourne, Victoria, Australia.","Methods:
      
    

    
      In this prospective cohort study, patients undergoing liver resection had coagulation parameters (International normalised ratio (INR), prothrombin time (PT), activated partial thromboplastin time, fibrinogen, d-dimer, von Willebrand factor antigen, procoagulant activity of phospholipids and clotting factors II, VII, VIIIc, IX and X) and thromboelastogram parameters assessed perioperatively.",0,,,,,,,,,
32455433,2020,"Department of Agronomy, University of Wisconsin-Madison, Madison, WI, USA.","Conclusions:
      
    

    
      Biofortified carrots and maize without fortification prevented VA deficiency in gerbils.",5,Biofortified carrots and maize,prevented,VA deficiency,,,,,,
32454012,2020,"Department of Cardiac Surgery, Boston Children's Hospital, Boston, MA, USA; Dept. of Pediatrics, Harvard Medical School, Boston, MA, USA. Electronic address: chris.baird@cardio.chboston.org.","Median native annulus diameter was 17 mm; sinus and annular enlargements were required in 22 and 9 patients, respectively.",0,,,,,,,,,
32454246,2020,"Department of Community Medicine, King Edward Medical University, Lahore 75500, Pakistan.",More focused attention and resources should be spent in awareness of the population to prevent the spread of HCV among high risk population.,0,,,,,,,,,
32454038,2020,"Regenerative and Restorative Medicine Research Center (REMER), Istanbul Medipol University, Istanbul, Turkey; Dept. of Physiology, Faculty of Medicine, Istanbul Medipol University, Istanbul, Turkey. Electronic address: kilic44@yahoo.com.","These data indicate that GDNF potently induces longterm neurological recovery, peri-infarct brain remodeling and contralesional neuroplasticity, which are associated with the fine-tuned regulation of axonal growth inhibitors and guidance molecules that facilitate the growth of contralesional corticofugal axons in the direction to the ipsilesional hemisphere.",4,GDNF,induces,"longterm neurological recovery, peri-infarct brain remodeling and contralesional neuroplasticity",,,,,,
32453782,2020,"Department of Pathology, Microbiology and Immunology, School of Veterinary Medicine, University of California Davis, Davis, California, United States of America.","Herein, we investigated two dense granule proteins (GRAs) secreted by Toxoplasma, GRA15 and GRA24, for their role in stimulating the innate immune response in Tlr11-/- mice and in human cells, which naturally lack TLR11/TLR12.",0,,,,,,,,,
32453782,2020,"Department of Pathology, Microbiology and Immunology, School of Veterinary Medicine, University of California Davis, Davis, California, United States of America.","We further show that GRA15/GRA24-mediated IL12, IL18 and IL1β secretion activates IFNγ secretion by peripheral blood mononuclear cells (PBMCs), which controls Toxoplasma proliferation.",1,"GRA15/GRA24-mediated IL12, IL18 and IL1β secretion",activates,IFNγ secretion,,,,,,
32453782,2020,"Department of Pathology, Microbiology and Immunology, School of Veterinary Medicine, University of California Davis, Davis, California, United States of America.","Taken together, our study demonstrates the important role of GRA15 and GRA24 in activating the innate immune response in hosts lacking TLR11.",0,,,,,,,,,
32454152,2020,"Department of Neurology and Stroke Center, The First Affiliated Hospital, Jinan University, Guangzhou 510632, Guangdong, China; Clinical Neuroscience Institute, Jinan University, Guangzhou 510632, Guangdong, China. Electronic address: zhangys@jnu.edu.cn.",Our results suggest that memantine has a neuro-protective effect on secondary damage in the ipsilateral thalamus following MCAO by inhibiting the activity of GSK3βpY216/PP2ApY307 and down regulating the levels of p-tau-231 protein.,0,,,,,,,,,
32453758,2020,"Department of Microbiology and Molecular Cell Biology The Leroy T. Canoles Jr Cancer Research Center Eastern Virginia Medical School Norfolk, VA, United States of America.",We have previously shown that Tax hijacks and aberrantly activates ring finger protein 8 (RNF8) - a lysine 63 (K63)-specific ubiquitin E3 ligase critical for DNA double-strand break (DSB) repair signaling - to assemble K63-linked polyubiquitin chains (K63-pUbs) in the cytosol.,1,Tax,activates,ring finger protein 8,,,,,,
32453758,2020,"Department of Microbiology and Molecular Cell Biology The Leroy T. Canoles Jr Cancer Research Center Eastern Virginia Medical School Norfolk, VA, United States of America.",Tax mutants defective or attenuated in inducing K63-pUb assembly are deficient or tempered in TSS induction and DDR impairment.,0,,,,,,,,,
32453758,2020,"Department of Microbiology and Molecular Cell Biology The Leroy T. Canoles Jr Cancer Research Center Eastern Virginia Medical School Norfolk, VA, United States of America.","Thus, during HTLV-1 infection, Tax activates RNF8 to assemble nuclear K63-pUbs that sequester DDR factors in Tax speckles, disrupting DDR signaling and DSB repair.",1,Tax,activates,RNF8,,,,,,
32454461,2020,"Department of Urology, Zhongnan Hospital of Wuhan University, Wuhan 430071, China.","Mechanistically, GO, KEGG pathway analyses and western blot assays altogether unveiled ZNF139/circZNF139 activated PI3K/AKT pathway in BC cells, supported by the alteration of AKT at phosphorylation level and PI3K at the protein level.",0,,,,,,,,,
32454254,2020,"The United Innovation of Mengchao Hepatobiliary Technology Key Laboratory of Fujian Province, Mengchao Hepatobiliary Hospital of Fujian Medical University, Fuzhou 350025, People's Republic of China. Electronic address: bixingzhao@gmail.com.","Eventually, the ubiquitination of Ku80 was validated to be significantly down-regulated in the high-metastatic cells comparing with the low-metastatic cells.",0,,,,,,,,,
32454242,2020,"Department of Computer Science and Mathematics, Faculty of Philosophy, Sciences and Languages at Ribeirao Preto (FFCLRP), University of Sao Paulo (USP), Av. Bandeirantes, 3900, Ribeirão Preto, SP, 14040-901, Brazil. Electronic address: ale.alaniz@usp.br.","The combination of these needs makes ICUs very expensive, which requires investment to be prioritized.",0,,,,,,,,,
32454242,2020,"Department of Computer Science and Mathematics, Faculty of Philosophy, Sciences and Languages at Ribeirao Preto (FFCLRP), University of Sao Paulo (USP), Av. Bandeirantes, 3900, Ribeirão Preto, SP, 14040-901, Brazil. Electronic address: ale.alaniz@usp.br.","Due to financial and ethical implications, these judgments require technical and precise knowledge.",4,these judgments,require,technical and precise knowledge,,,,,,
32454242,2020,"Department of Computer Science and Mathematics, Faculty of Philosophy, Sciences and Languages at Ribeirao Preto (FFCLRP), University of Sao Paulo (USP), Av. Bandeirantes, 3900, Ribeirão Preto, SP, 14040-901, Brazil. Electronic address: ale.alaniz@usp.br.",This Challenge aimed to stimulate the development of techniques to predict mortality in ICUs.,0,,,,,,,,,
32454242,2020,"Department of Computer Science and Mathematics, Faculty of Philosophy, Sciences and Languages at Ribeirao Preto (FFCLRP), University of Sao Paulo (USP), Av. Bandeirantes, 3900, Ribeirão Preto, SP, 14040-901, Brazil. Electronic address: ale.alaniz@usp.br.","Furthermore, our approach only demanded twelve features, which was consistently smaller than the number of features required by the previous approaches.",0,,,,,,,,,
32453722,2020,"Biosciences/Living Systems Institute, College of Life and Environmental Sciences, University of Exeter, United Kingdom.","Previous studies have shown that TGS1 binds the Survival Motor Neuron (SMN) protein, whose deficiency causes spinal muscular atrophy (SMA).",3,TGS1,binds,Survival Motor Neuron protein,,,,,,
32453722,2020,"Biosciences/Living Systems Institute, College of Life and Environmental Sciences, University of Exeter, United Kingdom.",We demonstrate that both dTgs1 and Smn are required for viability of retinal progenitor cells and that downregulation of these genes leads to a reduced eye size.,0,,,,,,,,,
32453925,2020,"Both authors: Department of Pediatrics, Asan Medical Center Children's Hospital, College of Medicine, University of Ulsan, Seoul, Korea.",This new estimation equation requires further prospective validation in pediatric series with a range in body habitus.,4,This new estimation equation,requires,further prospective validation,,,,,,
32453667,2020,"Sporthopaedicum, Regensburg, Germany.","Clinical relevance:
      
    

    
      We found that aUCL repair with an internal brace effectively improves time-zero mechanical characteristics and may provide stabilized healing with accelerated and reliable recovery without the need for a tendon graft.",0,,,,,,,,,
32453821,2020,"State Key Laboratory of Crop Biology, College of Life Sciences, Shandong Agricultural University, Tai'an, Shandong, P.R China.","Furthermore, the transcription of AtPLATZ2 was induced in response to salt stress.",0,,,,,,,,,
32453821,2020,"State Key Laboratory of Crop Biology, College of Life Sciences, Shandong Agricultural University, Tai'an, Shandong, P.R China.","Collectively, these results suggest that AtPLATZ2 suppresses plant salt tolerance by directly inhibiting of CBL4/SOS3 and CBL10/SCaBP8 and functions redundantly with PLATZ7.",0,,,,,,,,,
32454200,2020,"Department of Neuropathology, King's College Hospital, London, UK.","They are often related to the filum terminale, which should be resected prior to other attachments intra-operatively to prevent displacement of the tumour out of view.",0,,,,,,,,,
32454491,2020,"Affiliated Hospital to Changchun University of Chinese Medicine, Changchun, China, slpcczyydx@sina.com.","YiQi GuBen is a traditional Chinese medicinal formula shown to effectively reduce the recurrence rate of asthma and induce anti-asthma effects through multiple pathways; however, its potential role in regulating ASMC proliferation and preventing bronchial asthma remains unexplored.",0,,,,,,,,,
32454491,2020,"Affiliated Hospital to Changchun University of Chinese Medicine, Changchun, China, slpcczyydx@sina.com.","Conclusions:
      
    

    
      In summary, our study shows that YiQi GuBen formula is able to significantly inhibit PDGF-BB-induced ASMC proliferation and migration by suppressing the NF-κB signaling pathway.",0,,,,,,,,,
32453711,2020,"Northern Centre for Bone Marrow Transplantation, Newcastle upon Tyne Hospitals NHS Foundation Trust, Newcastle-upon-Tyne, United Kingdom.","Isolated GVHD macrophages stimulated greater proliferation and activation of allogeneic T cells, and secreted higher levels of inflammatory cytokines than their steady-state counterparts.",4,Isolated GVHD macrophages,stimulated,greater proliferation and activation,,,,,,
32454006,2020,"Department of Pharmaceutical Biology, Institute of Pharmacy and Biochemistry, University of Mainz, Staudinger Weg 5, 55128, Mainz, Germany. Electronic address: efferth@uni-mainz.de.","Progenin III induced apoptosis in CCRF-CEM cells mediated by caspases 3/7 activation, MMP alteration and increase ROS production, and otherwise autophagy and necroptosis.",4,Progenin III,induced,apoptosis,,,,,,
32453780,2020,"Department of Pediatrics, Harvard Medical School, Boston, MA, United States of America.","Instead, Sdc1 inhibits the clearance of Lm before the bacterium gains access to its intracellular niche.",2,Sdc1,inhibits,clearance,,,,,,
32453780,2020,"Department of Pediatrics, Harvard Medical School, Boston, MA, United States of America.","Furthermore, administration of purified Sdc1 ectodomains or DNase inhibits the formation of intravascular aggregated neutrophils and NETs and significantly increases the liver bacterial burden in Sdc1-/- mice.",2,administration,inhibits,formation,,,,,,
32453780,2020,"Department of Pediatrics, Harvard Medical School, Boston, MA, United States of America.",These data indicate that Lm induces Sdc1 shedding to subvert the activity of Sdc1 ectodomains to inhibit its clearance by intravascular aggregated NETs.,-1,Lm,induce,Sdc1 shedding,,,,,,
32454118,2020,"Pharmacology & Toxicology Department, Faculty of Pharmacy, Ain Shams University, Cairo, Egypt. Electronic address: ebtehal_dm@yahoo.com.",The present study was undertaken to investigate the therapeutic credit of linagliptin in hepatic fibrosis induced by a high-fat diet (HFD) and streptozotocin (STZ) in rats.,-1,,,,,,,,,
32454118,2020,"Pharmacology & Toxicology Department, Faculty of Pharmacy, Ain Shams University, Cairo, Egypt. Electronic address: ebtehal_dm@yahoo.com.","To induce liver fibrosis with T2DM; male Sprague-Dawley albino rats were fed on a high-fat high-sucrose diet for 28 days then exposed to a single dose of STZ (30 mg/kg, IP).",-1,,,,,,,,,
32454118,2020,"Pharmacology & Toxicology Department, Faculty of Pharmacy, Ain Shams University, Cairo, Egypt. Electronic address: ebtehal_dm@yahoo.com.","In conclusion, above and beyond its anti-diabetic effect, this study introduced linagliptin as a promising option for preventing the pathological progression of liver fibrosis associated with T2DM.",-1,,,,,,,,,
32453761,2020,"Department of Pediatrics, Division of Gastroenterology, BC Children's Hospital Research Institute, Vancouver, British Columbia, Canada.","Apoptotic susceptibility was induced by C. rodentium infection and was specific to this setting of pathogen infection, and was not apparent in other settings of intestinal inflammation.",-1,,,,,,,,,
32454168,2020,"Department of Agronomy, College of Agriculture and Biotechnology, Key Laboratory of Crop Germplasm Resource, Zhejiang University, Hangzhou 310058, PR China. Electronic address: drimran@zju.edu.cn.",High-temperature stress accelerated tobacco leaf senescence mainly by down-regulating photosynthesis-related pathways and degrading cellular constituents to maintain cell viability and nutrient recycling.,-1,,,,,,,,,
32454073,2020,Section of Cardiology.,"Larger, prospective studies will be required to definitively assess the primary prevention benefit of colchicine.",-1,,,,,,,,,
32454177,2020,"Somogy County Mor Kaposi Teaching Hospital, Dr. Jozsef Baka Center, Department of Radiation Oncology, Guba Sandor Street 40, 7400 Kaposvar, Hungary. Electronic address: lakosiferenc@yahoo.com.","On average, 1.2 beam interruptions per fractions were required with zero/one correction in 71 % of the fractions.",-1,,,,,,,,,
32454097,2020,"Dermatology Service, Department of Medicine, Memorial Sloan Kettering Cancer Center, New York, NY; Weill Cornell Medicine, New York, NY. Electronic address: lacoutum@mskcc.org.",Vitiligo-like depigmentation does not require specific dermatologic treatment aside from photoprotective measures.,-1,,,,,,,,,
32453726,2020,"Department of Structural Biology, Weizmann Institute of Science Rehovot, Israel.",This study reveals new insights into the fundamental determinants of recognition by C2H2-ZFPs of their DNA binding sites in the cellular landscape.,-1,,,,,,,,,
32453726,2020,"Department of Structural Biology, Weizmann Institute of Science Rehovot, Israel.",The importance of electrostatic asymmetry with respect to binding site recognition by C2H2-ZFPs suggests the possibility that it may also be important in other ZFP systems and reveals a new design feature for zinc finger engineering.,-1,,,,,,,,,
32454483,2020,"Section of Neonatology, Department of Pediatrics, University of Colorado School of Medicine, Aurora, Colorado, USA, susan.niermeyer@cuanschutz.edu.","

    

    
      Achieving the targets of the Every Newborn Action Plan by the year 2030 will require accelerating the current reduction in neonatal mortality.",-1,,,,,,,,,
32453909,2020,"Key Lab of Separation Science for Analytical Chemistry, Key Lab of Natural Medicine, Liaoning Province, Dalian Institute of Chemical Physics, Chinese Academy of Sciences, Dalian, 116023, P.R. China.","There was a relatively small energy barrier between the global minimum conformer and the local minimum conformer of polyoxin A and the high temperature helped to quickly cross the energy barrier and accelerate the conformational transformation for getting the global minimum, so that stationary phase could not identify these two conformations and presented a sharp peak.",-1,,,,,,,,,
32455479,2020,"Department of Emergency Medicine, Division of Emergency Ultrasound, Massachusetts General Hospital, Boston, MA.",Residents were then required to watch a 15-min online video and attend a 1-h bedside training session moderated by emergency medicine ultrasound fellows during which residents practised E-FAST image acquisition and interpretation.,-1,,,,,,,,,
32455501,2020,"St George Hospital Clinical School, University of New South Wales, Sydney, New South Wales, Australia.","In addition, patellae using onlay-oval implants required significantly fewer lateral facetectomies due to improved bone coverage (inset 95%; onlay round 87%; onlay oval 3%; P < 0.01).",-1,,,,,,,,,
32454236,2020,"Department of Medical Biophysics, Faculty of Medicine and Dentistry, Palacký University, Hn_votínská 3, 775 15, Olomouc, Czech Republic.","The results showed that AlPc induced skin and eye irritation, exhibited borderline sensitization potential and mutagenic potential in one test strain of the Ames test, which was not confirmed in the chromosome aberration test.",-1,,,,,,,,,
32454085,2020,"Laboratory of Biochemistry and Immunology, Republic of Korea. Electronic address: kchoi@cbu.ac.kr.","Differentiation of mESCs into neural progenitor cells (NPCs) or neural crest cells (NCCs) was induced with chemically defined media, and the cells were continuously exposed to CSE or nicotine during neural differentiation and development.",-1,,,,,,,,,
32454085,2020,"Laboratory of Biochemistry and Immunology, Republic of Korea. Electronic address: kchoi@cbu.ac.kr.","These results imply that cigarette smoking during the perinatal period potentially inhibits neural differentiation and development of ESCs cells, leading to neonatal abnormal brain development and behavioral abnormalities.",-1,,,,,,,,,
32454519,2020,"Department of Pediatrics, University of Chicago, Chicago, IL, USA.","Because endothelial disruption is a critical component of acute chest syndrome (ACS), we hypothesized that EVs isolated during ACS would induce greater endothelial damage than those isolated at baseline.",-1,,,,,,,,,
32453919,2020,"Department of Pharmaceutical Sciences and Institute for Systems Genomics, University of Connecticut, 69N. Eagleville Road, Storrs, CT, 06269, USA.","

    

    
      Phosphoantigens (pAgs) are small phosphorus-containing molecules that stimulate Vγ9Vδ2 T cells with sub-nanomolar cellular potency.",-1,,,,,,,,,
32454060,2020,"Department of Biomedical Sciences and CNR Neuroscience Institute, University of Padova, Italy. Electronic address: bernardi@bio.unipd.it.","The permeability transition strictly requires matrix Ca2+ and is favored by the matrix protein cyclophilin D, which mediates the inhibitory effects of cyclosporin A.",-1,,,,,,,,,
32454165,2020,"Department of Anesthesiology and Shock, Trauma and Anesthesiology Research (STAR) Center, University of Maryland School of Medicine, Baltimore, MD, USA. Electronic address: afaden@som.umaryland.edu.","A previous study reported that ADX88178, a putative metabotropic glutamate receptor 4 (mGluR4) positive allosteric modulator (PAM), exerts anti-inflammatory effects in microglia by activating mGluR4.",-1,,,,,,,,,
32454165,2020,"Department of Anesthesiology and Shock, Trauma and Anesthesiology Research (STAR) Center, University of Maryland School of Medicine, Baltimore, MD, USA. Electronic address: afaden@som.umaryland.edu.","Moreover, we showed that ADX88178 activated Gi-independent, alternative signaling pathways as indicated by the absence of pertussis toxin-mediated inhibition and by increased phosphorylation of cAMP-response element binding protein (CREB), an inhibitor of the NFkB pro-inflammatory pathway.",-1,,,,,,,,,
32454165,2020,"Department of Anesthesiology and Shock, Trauma and Anesthesiology Research (STAR) Center, University of Maryland School of Medicine, Baltimore, MD, USA. Electronic address: afaden@som.umaryland.edu.","Thus, our results indicate that in microglia, putative mGluR4 PAMs activate mGluR4/Gi-independent mechanisms to attenuate pro-inflammatory pathways.",-1,,,,,,,,,
32453730,2020,"Division of Endocrinology, Diabetes and Metabolism Weill Cornell Medicine, New York, New York, United States of America.","Lastly, a subset of enhancers, is not occupied directly by TR yet require TR for histone hyperacetylation.",-1,,,,,,,,,
32455480,2020,"Prioritisation, Electives & National Services, DHB Performance and Support and Infrastructure, Ministry of Health, Wellington, New Zealand.",In New Zealand (NZ) explicit prioritization is required by legislation and supported by the Medical Council of NZ.,-1,,,,,,,,,
32454083,2020,"College of Life Sciences, Key Laboratory of Animal Reproduction and Germplasm Enhancement in Universities of Shandong, Qingdao Agricultural University, Qingdao 266109, China. Electronic address: wshen@qau.edu.cn.","Our previous studies have demonstrated that OTA exposure inhibits porcine ovarian granulosa cell (GC) proliferation and induces their apoptosis, but the underlying toxic mechanism is still uncertain.",-1,,,,,,,,,
32454083,2020,"College of Life Sciences, Key Laboratory of Animal Reproduction and Germplasm Enhancement in Universities of Shandong, Qingdao Agricultural University, Qingdao 266109, China. Electronic address: wshen@qau.edu.cn.","In this study, we explored the OTA exposure on porcine GCs in vitro and found that OTA exposure inhibited the proliferation of porcine GCs and arrested cell cycle of GCs in the G2/M phase.",-1,,,,,,,,,
32453744,2020,"Department of Pharmacology and Experimental Neuroscience, University of Nebraska Medical Center, Omaha, Nebraska, United States of America.",HIV-1 transactivator of transcription (Tat) protein has been shown to induce the production of toxic neuronal amyloid protein and also enhance neurotoxicity.,-1,,,,,,,,,
32454054,2020,"School of Kinesiology, The Key Laboratory of Exercise and Health Sciences of Ministry of Education, Shanghai University of Sport, Shanghai 200438, PR China. Electronic address: liuyujian@sus.edu.cn.","It was found that STZ treatment induced apoptotic and pyroptotic cell death in the hippocampus as evidenced by increases of cleaved caspase 3 positive hippocampal neurons, TUNEL-positive cells, protein levels of p53, Bax, Puma, and the cleaved GSDMD N-terminal fragment, all of which were decreased in NLRP3 deficient mice.",-1,,,,,,,,,
32454054,2020,"School of Kinesiology, The Key Laboratory of Exercise and Health Sciences of Ministry of Education, Shanghai University of Sport, Shanghai 200438, PR China. Electronic address: liuyujian@sus.edu.cn.","Using murine hippocampal neuronal cell line HT22, we found that high glucose induced apoptotic and pyroptotic cell death in a NLRP3 inflammasome-dependent manner in vitro.",-1,,,,,,,,,
32454055,2020,"Department of Biomedical Sciences, University of Illinois, Rockford, IL, United States of America. Electronic address: mgnanas@uic.edu.",Our study showed that EP targets PC3 cells via inducing ROS and apoptosis activation.,-1,,,,,,,,,
32454055,2020,"Department of Biomedical Sciences, University of Illinois, Rockford, IL, United States of America. Electronic address: mgnanas@uic.edu.","At the molecular level, EP effectively inhibited the expression of various cancer stem cell markers such as ALDH1, Sox-2, Nanog, Oct3/4 and CD44.",-1,,,,,,,,,
32454055,2020,"Department of Biomedical Sciences, University of Illinois, Rockford, IL, United States of America. Electronic address: mgnanas@uic.edu.","Interestingly, EP also inhibited the activity of alkaline phosphatase, a maker of pluripotent stem cells.",-1,,,,,,,,,
32454055,2020,"Department of Biomedical Sciences, University of Illinois, Rockford, IL, United States of America. Electronic address: mgnanas@uic.edu.","Western blotting analysis revealed that EP downregulated the expression of key cell cycle markers such as cyclin D1, cyclin D3, CDK4 and c-Myc while also inhibiting anti-apoptotic markers such as Mcl-1, XIAP, c-IAP1 and survivin in PC3 cells.",-1,,,,,,,,,
32455496,2020,"Kurume University Research Center for Innovative Cancer Therapy, Kurume, Japan.","


        Aim:
      
    

    
      Liver biopsy is still required for the diagnosis of hepatocellular ballooning and inflammation, which are important histological feature of nonalcoholic steatohepatitis (NASH).",-1,,,,,,,,,
32454027,2020,"Department of Microbiology, Center for Cellular Immunotherapies, Perelman School of Medicine, University of Pennsylvania, Philadelphia, PA 19104, USA. Electronic address: rileyj@upenn.edu.","Collectively, these studies demonstrate that HIV-resistant CAR4 T cells can directly control HIV replication and augment the virus-specific CD8+ T cell response, highlighting the therapeutic potential of engineered CD4+ T cells to engender a functional HIV cure.",-1,,,,,,,,,
32453763,2020,"Department of Medicine, Faculty of Medicine, United Kingdom.","Similar effects were observed by MLV envelope glycoprotein ligation by its cellular receptor mCAT-1, and by overexpression in human lymphocytic cells, where it required an intact tyrosine-based YXXΦ motif in the envelope glycoprotein cytoplasmic tail.",-1,,,,,,,,,